School,Department
College of Allied Health Science,B.Sc. Cardiac Care Technology
College of Allied Health Science,BSc in Anesthesia and Operation Theatre Technology
Institute of Medical Education & Research,Microbiology
Institute of Medical Education & Research,Critical Care Medicine
Institute of Medical Education & Research,General Medicine
Institute of Medical Education & Research,General Surgery
Institute of Medical Education & Research,Obstetrics Gynaecology
Institute of Medical Education & Research,Anaesthesiology
Institute of Medical Education & Research,Community Medicine
Institute of Medical Education & Research,Orthopaedics
Institute of Medical Education & Research,Paediatrics
Institute of Medical Education & Research,Biochemistry
Institute of Medical Education & Research,Dentistry
Institute of Medical Education & Research,Opthalmology
Institute of Medical Education & Research,Pharmacology
Institute of Medical Education & Research,Cardiothoracic Vascular Surgery
Institute of Medical Education & Research,ENT
Institute of Medical Education & Research,Casualty
Institute of Medical Education & Research,Dermatology
Institute of Medical Education & Research,Endocrinology
Institute of Medical Education & Research,Radiology
Institute of Medical Education & Research,Respiratory Medicine
Institute of Medical Education & Research,Physiology
Institute of Medical Education & Research,Forensic Medicine
Institute of Medical Education & Research,Pathology
Institute of Medical Education & Research,Neurology
Institute of Medical Education & Research,Urology
Institute of Medical Education & Research,Emergency Medicine
School of Arts & Humanities - College of Journalism & Mass Communication,College of Journalism and Mass Communication
School of Basic & Applied Sciences,Basic and Applied Science
School of Commerce & Management,Commerce and Management
School of Commerce & Management - Master of Business Administration,Executive MBA
School of Commerce & Management - Master of Business Administration,Master of Business Administration
School of Computer Applications,Master of Computer Applications
School of Computer Applications,Bachelor of Computer Applications
School of Design & Digital Transmedia,B.Design
School of Engineering,Chemistry
School of Engineering,Artificial Intelligence and Machine learning
School of Engineering,Physics
School of Engineering,Mathematics
School of Engineering,Robotics & AI
School of Engineering,Computer Science & Engineering
School of Engineering,Cyber Security
School of Engineering,Electronics & Communication Engineering
School of Engineering,Mechanical Engineering
School of Engineering,Aerospace Engineering
School of Engineering,Data Science
School of Engineering,Computer Science and Technology
School of Engineering,Artificial Intelligence and Data Science
School of Health Sciences - College of Nursing Sciences,Nursing
School of Health Sciences - College of Pharmaceutical Sciences,Pharmacy
School of Health Sciences - College of Physiotherapy,Physiotherapy
School of Law,Law
